source_file,restart_idx,estimated_alpha,best_elbo_np,final_elbo,n_records,method,mc_setting
single_MC/logistic_regression/results/numpyro_processed_restarts.csv,0,,-66.5041275024414,,40000,numpyro,1_mc
single_MC/logistic_regression/results/numpyro_processed_restarts.csv,1,,-66.50020599365234,,40000,numpyro,1_mc
single_MC/logistic_regression/results/numpyro_processed_restarts.csv,2,,-66.50138092041016,,40000,numpyro,1_mc
single_MC/logistic_regression/results/numpyro_processed_restarts.csv,3,,-66.49901580810547,,40000,numpyro,1_mc
single_MC/logistic_regression/results/numpyro_processed_restarts.csv,4,,-66.49923706054688,,40000,numpyro,1_mc
single_MC/logistic_regression/results/numpyro_processed_restarts.csv,5,,-66.50181579589844,,40000,numpyro,1_mc
single_MC/logistic_regression/results/numpyro_processed_restarts.csv,6,,-66.49977111816406,,40000,numpyro,1_mc
single_MC/logistic_regression/results/numpyro_processed_restarts.csv,7,,-66.50462341308594,,40000,numpyro,1_mc
single_MC/logistic_regression/results/numpyro_processed_restarts.csv,8,,-66.50196838378906,,40000,numpyro,1_mc
single_MC/logistic_regression/results/numpyro_processed_restarts.csv,9,,-66.50373840332031,,40000,numpyro,1_mc
single_MC/logistic_regression/results/numpyro_processed_restarts.csv,0,,-66.49877166748047,,40000,numpyro,100_mc
single_MC/logistic_regression/results/numpyro_processed_restarts.csv,1,,-66.49888610839844,,40000,numpyro,100_mc
single_MC/logistic_regression/results/numpyro_processed_restarts.csv,2,,-66.4991226196289,,40000,numpyro,100_mc
single_MC/logistic_regression/results/numpyro_processed_restarts.csv,3,,-66.49893188476562,,40000,numpyro,100_mc
single_MC/logistic_regression/results/numpyro_processed_restarts.csv,4,,-66.49881744384766,,40000,numpyro,100_mc
single_MC/logistic_regression/results/numpyro_processed_restarts.csv,5,,-66.49887084960938,,40000,numpyro,100_mc
single_MC/logistic_regression/results/numpyro_processed_restarts.csv,6,,-66.49872589111328,,40000,numpyro,100_mc
single_MC/logistic_regression/results/numpyro_processed_restarts.csv,7,,-66.49922943115234,,40000,numpyro,100_mc
single_MC/logistic_regression/results/numpyro_processed_restarts.csv,8,,-66.49881744384766,,40000,numpyro,100_mc
single_MC/logistic_regression/results/numpyro_processed_restarts.csv,9,,-66.49893951416016,,40000,numpyro,100_mc
single_MC/logistic_regression/results/tfp_processed_restarts.csv,0,,-66.50806427001953,,4000,tfp,1_mc
single_MC/logistic_regression/results/tfp_processed_restarts.csv,1,,-66.51873779296875,,4000,tfp,1_mc
single_MC/logistic_regression/results/tfp_processed_restarts.csv,2,,-66.50189971923828,,4000,tfp,1_mc
single_MC/logistic_regression/results/tfp_processed_restarts.csv,3,,-66.50455474853516,,4000,tfp,1_mc
single_MC/logistic_regression/results/tfp_processed_restarts.csv,4,,-66.50440216064453,,4000,tfp,1_mc
single_MC/logistic_regression/results/tfp_processed_restarts.csv,5,,-66.5065689086914,,4000,tfp,1_mc
single_MC/logistic_regression/results/tfp_processed_restarts.csv,6,,-66.50900268554688,,4000,tfp,1_mc
single_MC/logistic_regression/results/tfp_processed_restarts.csv,7,,-66.5044937133789,,4000,tfp,1_mc
single_MC/logistic_regression/results/tfp_processed_restarts.csv,8,,-66.5031967163086,,4000,tfp,1_mc
single_MC/logistic_regression/results/tfp_processed_restarts.csv,9,,-66.50993347167969,,4000,tfp,1_mc
single_MC/logistic_regression/results/tfp_processed_restarts.csv,0,,-66.49951171875,,4000,tfp,100_mc
single_MC/logistic_regression/results/tfp_processed_restarts.csv,1,,-66.49911499023438,,4000,tfp,100_mc
single_MC/logistic_regression/results/tfp_processed_restarts.csv,2,,-66.49932861328125,,4000,tfp,100_mc
single_MC/logistic_regression/results/tfp_processed_restarts.csv,3,,-66.49872589111328,,4000,tfp,100_mc
single_MC/logistic_regression/results/tfp_processed_restarts.csv,4,,-66.49888610839844,,4000,tfp,100_mc
single_MC/logistic_regression/results/tfp_processed_restarts.csv,5,,-66.4996337890625,,4000,tfp,100_mc
single_MC/logistic_regression/results/tfp_processed_restarts.csv,6,,-66.49855041503906,,4000,tfp,100_mc
single_MC/logistic_regression/results/tfp_processed_restarts.csv,7,,-66.49994659423828,,4000,tfp,100_mc
single_MC/logistic_regression/results/tfp_processed_restarts.csv,8,,-66.50090789794922,,4000,tfp,100_mc
single_MC/logistic_regression/results/tfp_processed_restarts.csv,9,,-66.49906921386719,,4000,tfp,100_mc
single_MC/logistic_regression/results/pymc_default_processed_restarts.csv,0,,-66.53723907470703,,4000,pymc_default,1_mc
single_MC/logistic_regression/results/pymc_default_processed_restarts.csv,1,,-66.53687286376953,,4000,pymc_default,1_mc
single_MC/logistic_regression/results/pymc_default_processed_restarts.csv,2,,-66.5444564819336,,4000,pymc_default,1_mc
single_MC/logistic_regression/results/pymc_default_processed_restarts.csv,3,,-66.5367431640625,,4000,pymc_default,1_mc
single_MC/logistic_regression/results/pymc_default_processed_restarts.csv,4,,-66.53843688964844,,4000,pymc_default,1_mc
single_MC/logistic_regression/results/pymc_default_processed_restarts.csv,0,,-66.49870300292969,,4000,pymc_default,100_mc
single_MC/logistic_regression/results/pymc_default_processed_restarts.csv,1,,-66.49844360351562,,4000,pymc_default,100_mc
single_MC/logistic_regression/results/pymc_default_processed_restarts.csv,2,,-66.49851989746094,,4000,pymc_default,100_mc
single_MC/logistic_regression/results/pymc_default_processed_restarts.csv,3,,-66.49861907958984,,4000,pymc_default,100_mc
single_MC/logistic_regression/results/pymc_default_processed_restarts.csv,4,,-66.49874877929688,,4000,pymc_default,100_mc
single_MC/logistic_regression/results/pymc_adam_processed_restarts.csv,0,,-66.50048828125,,4000,pymc_adam,1_mc
single_MC/logistic_regression/results/pymc_adam_processed_restarts.csv,1,,-66.50192260742188,,4000,pymc_adam,1_mc
single_MC/logistic_regression/results/pymc_adam_processed_restarts.csv,2,,-66.50666046142578,,4000,pymc_adam,1_mc
single_MC/logistic_regression/results/pymc_adam_processed_restarts.csv,3,,-66.5037841796875,,4000,pymc_adam,1_mc
single_MC/logistic_regression/results/pymc_adam_processed_restarts.csv,4,,-66.50428771972656,,4000,pymc_adam,1_mc
single_MC/logistic_regression/results/pymc_adam_processed_restarts.csv,0,,-66.4999771118164,,4000,pymc_adam,100_mc
single_MC/logistic_regression/results/pymc_adam_processed_restarts.csv,1,,-66.49883270263672,,4000,pymc_adam,100_mc
single_MC/logistic_regression/results/pymc_adam_processed_restarts.csv,2,,-66.49933624267578,,4000,pymc_adam,100_mc
single_MC/logistic_regression/results/pymc_adam_processed_restarts.csv,3,,-66.4994125366211,,4000,pymc_adam,100_mc
single_MC/logistic_regression/results/pymc_adam_processed_restarts.csv,4,,-66.49981689453125,,4000,pymc_adam,100_mc
single_MC/logistic_regression/results/stan_processed_restarts.csv,0,,-66.94646453857422,,3001,stan,1_mc
single_MC/logistic_regression/results/stan_processed_restarts.csv,1,,-66.80839538574219,,3001,stan,1_mc
single_MC/logistic_regression/results/stan_processed_restarts.csv,2,,-66.70281982421875,,3001,stan,1_mc
single_MC/logistic_regression/results/stan_processed_restarts.csv,3,,-66.81965637207031,,3001,stan,1_mc
single_MC/logistic_regression/results/stan_processed_restarts.csv,4,,-66.75199890136719,,3001,stan,1_mc
single_MC/logistic_regression/results/stan_processed_restarts.csv,5,,-66.91008758544922,,3001,stan,1_mc
single_MC/logistic_regression/results/stan_processed_restarts.csv,6,,-66.8753662109375,,3001,stan,1_mc
single_MC/logistic_regression/results/stan_processed_restarts.csv,7,,-67.26570892333984,,3001,stan,1_mc
single_MC/logistic_regression/results/stan_processed_restarts.csv,8,,-66.64108276367188,,3001,stan,1_mc
single_MC/logistic_regression/results/stan_processed_restarts.csv,9,,-66.8846435546875,,3001,stan,1_mc
single_MC/logistic_regression/results/stan_processed_restarts.csv,10,,-66.78585052490234,,3001,stan,1_mc
single_MC/logistic_regression/results/stan_processed_restarts.csv,11,,-67.25111389160156,,3001,stan,1_mc
single_MC/logistic_regression/results/stan_processed_restarts.csv,12,,-66.73164367675781,,3001,stan,1_mc
single_MC/logistic_regression/results/stan_processed_restarts.csv,13,,-67.035400390625,,3001,stan,1_mc
single_MC/logistic_regression/results/stan_processed_restarts.csv,14,,-66.60889434814453,,3001,stan,1_mc
single_MC/logistic_regression/results/stan_processed_restarts.csv,15,,-67.06217956542969,,3001,stan,1_mc
single_MC/logistic_regression/results/stan_processed_restarts.csv,16,,-67.10464477539062,,3001,stan,1_mc
single_MC/logistic_regression/results/stan_processed_restarts.csv,17,,-67.57420349121094,,3001,stan,1_mc
single_MC/logistic_regression/results/stan_processed_restarts.csv,18,,-67.0383071899414,,3001,stan,1_mc
single_MC/logistic_regression/results/stan_processed_restarts.csv,19,,-67.0374755859375,,3001,stan,1_mc
single_MC/logistic_regression/results/stan_processed_restarts.csv,0,,-66.51505279541016,,3001,stan,100_mc
single_MC/logistic_regression/results/stan_processed_restarts.csv,1,,-66.52057647705078,,3001,stan,100_mc
single_MC/logistic_regression/results/stan_processed_restarts.csv,2,,-66.51213073730469,,3001,stan,100_mc
single_MC/logistic_regression/results/stan_processed_restarts.csv,3,,-66.5095443725586,,3001,stan,100_mc
single_MC/logistic_regression/results/stan_processed_restarts.csv,4,,-66.54786682128906,,3001,stan,100_mc
single_MC/logistic_regression/results/stan_processed_restarts.csv,5,,-66.52567291259766,,3001,stan,100_mc
single_MC/logistic_regression/results/stan_processed_restarts.csv,6,,-66.59162902832031,,3001,stan,100_mc
single_MC/logistic_regression/results/stan_processed_restarts.csv,7,,-66.53270721435547,,3001,stan,100_mc
single_MC/logistic_regression/results/stan_processed_restarts.csv,8,,-66.54986572265625,,3001,stan,100_mc
single_MC/logistic_regression/results/stan_processed_restarts.csv,9,,-66.50669860839844,,3001,stan,100_mc
single_MC/logistic_regression/results/stan_processed_restarts.csv,10,,-66.50294494628906,,3001,stan,100_mc
single_MC/logistic_regression/results/stan_processed_restarts.csv,11,,-66.54438018798828,,3001,stan,100_mc
single_MC/logistic_regression/results/stan_processed_restarts.csv,12,,-66.5140609741211,,3001,stan,100_mc
single_MC/logistic_regression/results/stan_processed_restarts.csv,13,,-66.5331802368164,,3001,stan,100_mc
single_MC/logistic_regression/results/stan_processed_restarts.csv,14,,-66.62047576904297,,3001,stan,100_mc
single_MC/logistic_regression/results/stan_processed_restarts.csv,15,,-66.53333282470703,,3001,stan,100_mc
single_MC/logistic_regression/results/stan_processed_restarts.csv,16,,-66.55115509033203,,3001,stan,100_mc
single_MC/logistic_regression/results/stan_processed_restarts.csv,17,,-66.5412826538086,,3001,stan,100_mc
single_MC/logistic_regression/results/stan_processed_restarts.csv,18,,-66.5856704711914,,3001,stan,100_mc
single_MC/logistic_regression/results/stan_processed_restarts.csv,19,,-66.5073013305664,,3001,stan,100_mc
